"gid","m1","m2","m3","m4","m5","m6","m7","m8","m9","m10","m11","m12","m13","m14","m15","m16","m17","m18","m19","m20","m21","m22","m23","m24","m25","m26","m27","m28","m29","m30","m31","m32","m33","m34","m35","m36","m37","m38","m39","m40","m41","m42","m43","m44","m45","m46","m47","m48","m49","m50","m51","m52","m53","m54","m55","m56","m57","m58","m59","m60","m61","m62","m63","m64","m65","m66","m67","m68","m69","m70","m71","m72","m73","m74","m75","m76","m77","m78","m79","m80","m81","m82","m83","m84","m85","m86","m87","m88","m89","m90","m91","m92","m93","m94","m95","m96","m97","m98","m99","m100","m101","m102","m103","m104","m105","m106","m107","m108","m109","m110","m111","m112","m113","m114","m115","m116","m117","m118","m119","m120","m121","m122","m123","m124","m125","m126","m127","m128","m129","m130","m131","m132","m133","m134","m135","m136","m137","m138","m139","m140","m141","m142","m143","m144","m145","m146","m147","m148","m149","m150","m151","m152","m153","m154","m155","m156","m157","m158","m159","m160","m161","m162","m163","m164","m165","m166","m167","m168","m169","m170","m171","m172","m173","m174","m175","m176","m177","m178","m179","m180","m181","m182","m183","m184","m185","m186","m187","m188","m189","m190","m191","m192","m193","m194","m195","m196","m197","m198","m199","m200","m201","m202","m203","m204","m205","m206","m207","m208","m209","m210","m211","m212","m213","m214","m215","m216","m217","m218"
1,2,NA,0,0,0,0,0,0,0,2,0,0,0,2,2,0,0,0,0,0,0,0,0,0,0,0,0,0,0,0,0,0,0,0,0,0,2,2,0,2,0,0,2,0,2,0,0,2,0,0,0,2,0,2,0,0,0,0,0,0,0,0,0,0,0,0,0,0,0,0,2,0,0,2,0,0,0,0,2,0,2,0,2,0,0,0,2,0,2,0,2,0,0,0,0,0,2,0,0,0,2,0,0,0,2,0,0,0,2,2,0,0,0,0,0,2,0,0,0,0,2,0,0,0,2,0,0,0,0,0,2,0,2,0,0,0,2,0,0,0,2,0,0,0,0,0,0,0,0,0,0,0,2,0,0,0,0,0,0,0,0,0,0,0,0,0,0,2,0,0,2,0,2,0,0,2,0,0,0,2,0,0,0,2,0,0,0,2,0,0,0,0,0,2,0,2,0,0,0,0,0,0,2,0,0,0,0,0,2,0,2,0,0,0,2,0,0,0
2,0,NA,0,0,2,0,0,0,0,0,0,0,0,0,0,0,0,0,0,0,2,0,0,0,2,0,0,0,0,0,0,0,0,0,2,0,0,0,2,2,0,0,0,2,2,2,0,0,0,0,2,0,0,0,0,0,0,2,0,2,0,0,0,0,0,0,0,0,0,0,0,0,0,2,0,0,2,0,0,0,2,2,0,0,0,2,0,2,0,2,0,0,0,0,0,0,0,2,0,0,0,2,0,0,2,0,0,0,2,0,2,0,0,0,0,2,0,2,0,0,0,0,0,0,0,0,2,0,0,0,2,0,2,0,0,0,0,0,2,0,0,2,0,0,0,2,0,0,0,2,0,0,0,0,2,2,0,0,0,0,0,2,0,0,2,0,0,0,0,2,0,2,0,0,0,2,0,2,0,2,0,0,0,0,2,0,2,0,0,0,0,0,0,2,0,0,0,0,0,0,2,0,0,0,0,0,0,2,0,2,2,0,2,0,0,0,0,2
3,0,NA,2,0,0,0,0,2,0,0,0,0,0,0,0,0,0,2,0,0,0,0,0,0,0,0,0,2,0,0,0,0,0,0,2,0,0,2,0,0,0,0,2,0,2,0,0,0,2,0,0,0,2,0,2,0,0,2,0,0,0,0,0,2,0,0,2,0,0,0,0,0,0,2,2,0,0,0,0,0,2,0,0,2,0,2,NA,2,0,0,0,0,2,0,0,0,2,0,0,0,0,2,0,0,2,0,0,0,2,2,0,0,0,0,0,0,2,0,0,0,2,0,2,0,0,0,0,0,0,0,2,0,0,2,0,0,0,0,2,0,2,0,0,0,0,0,0,0,2,0,0,0,0,0,2,2,0,0,0,0,0,2,0,0,0,2,0,0,0,2,0,0,0,0,0,2,0,0,2,2,0,0,0,0,2,0,0,2,0,0,0,0,0,2,0,0,0,0,0,2,0,0,0,0,0,2,0,0,0,2,2,0,0,2,0,0,2,0
4,0,NA,2,0,0,0,0,0,0,2,2,0,0,0,0,0,0,0,0,2,0,0,0,0,0,0,0,0,0,0,2,0,2,0,0,0,0,2,0,2,0,0,2,0,2,0,2,0,0,2,0,0,0,2,0,0,0,2,0,0,2,0,0,0,0,0,0,0,0,0,0,0,0,2,2,0,0,0,0,0,2,2,0,0,0,2,0,2,0,2,0,0,0,0,0,0,0,0,0,0,0,2,0,0,2,0,0,2,0,2,0,0,0,0,0,0,2,2,0,0,0,2,2,0,0,0,0,2,0,2,0,0,2,0,0,0,0,2,0,0,0,0,2,0,0,0,2,0,0,0,0,2,0,2,0,0,2,0,0,0,0,2,0,0,0,2,0,0,0,0,2,0,2,0,0,2,0,2,0,0,0,2,0,2,0,0,2,0,0,0,0,0,0,2,0,2,0,0,0,0,0,0,0,0,0,0,0,2,0,2,0,2,0,0,2,0,0,0
5,0,NA,2,0,0,0,0,0,0,0,0,0,2,2,0,0,NA,0,0,0,0,0,0,0,0,0,0,2,0,0,0,0,0,0,0,0,0,0,2,2,0,0,0,2,0,0,0,2,0,0,0,0,2,0,0,2,0,0,0,0,0,2,0,NA,0,0,0,2,0,0,0,0,2,0,2,0,0,0,0,0,2,0,0,0,2,0,2,2,0,0,2,0,0,0,2,0,0,0,0,0,0,2,0,0,0,0,2,0,2,2,0,0,0,2,0,0,0,2,0,0,2,0,2,0,0,0,2,0,0,0,0,0,2,0,0,0,0,0,0,0,0,0,2,0,0,0,0,0,0,0,0,2,0,0,2,0,0,0,2,0,0,0,0,0,0,2,0,0,0,0,2,0,0,0,0,2,0,2,0,0,0,2,0,2,0,0,2,0,0,0,2,0,0,0,0,0,0,0,2,0,0,2,0,0,0,0,0,0,0,2,0,2,0,2,0,0,2,0
6,0,NA,2,0,0,0,0,0,2,0,2,0,0,0,0,0,0,0,2,0,0,0,0,0,0,0,0,0,0,2,0,0,0,0,0,0,0,0,2,2,0,0,2,0,2,0,0,2,0,0,0,0,2,0,2,0,2,0,0,0,0,0,0,0,0,0,0,0,0,0,2,0,0,2,0,0,0,0,2,0,2,2,0,0,0,0,2,2,0,0,2,0,0,0,0,0,2,0,0,0,0,0,2,0,2,0,0,0,2,2,0,0,0,0,2,0,0,0,0,0,2,0,2,0,0,0,0,2,0,0,0,0,2,0,0,0,2,0,0,0,0,2,0,2,0,0,0,2,0,0,0,0,0,0,2,0,0,0,0,0,0,2,0,0,0,0,2,0,2,0,0,0,0,0,0,2,0,2,0,0,2,0,0,2,0,0,0,2,0,0,0,0,0,0,0,0,0,2,0,0,0,0,0,0,0,0,0,0,2,0,2,0,0,2,0,0,2,NA
7,0,NA,0,0,0,0,0,0,2,0,0,0,0,0,0,0,0,0,0,0,0,0,2,0,0,0,0,0,2,0,0,0,0,0,2,0,0,0,2,2,0,0,2,0,0,0,0,0,2,2,0,0,0,0,2,0,0,2,2,0,0,0,0,0,0,2,0,0,0,0,0,0,0,2,0,0,0,0,2,0,2,2,0,0,0,2,0,2,0,0,0,0,2,0,0,2,0,0,0,0,0,2,0,0,2,0,0,0,2,0,0,0,2,0,0,0,2,0,2,0,0,0,2,0,0,2,0,0,0,0,0,0,2,0,0,2,0,0,0,0,0,0,2,0,0,2,0,0,0,2,0,0,0,0,2,2,0,2,0,0,0,0,0,0,0,0,2,0,0,0,2,0,0,0,0,0,0,0,2,0,2,0,0,0,0,2,0,0,2,0,0,0,0,2,0,0,0,0,0,2,0,0,0,0,0,0,2,0,0,2,0,2,0,2,2,0,0,0
8,0,NA,2,0,0,0,0,2,0,0,0,2,0,0,0,0,2,0,0,0,0,0,0,2,0,0,0,0,0,0,0,0,0,0,0,2,0,2,0,0,2,0,2,0,2,0,0,2,0,0,2,0,0,0,2,0,0,0,0,2,0,0,0,0,0,0,0,0,2,0,0,0,0,2,2,0,0,0,0,0,0,0,0,2,0,0,2,2,0,2,0,0,0,0,0,2,0,0,0,2,0,0,0,0,0,0,2,0,2,2,0,0,0,0,0,0,2,0,2,0,0,2,2,0,0,0,2,0,0,0,0,2,2,0,0,0,0,2,0,0,0,0,2,0,2,0,0,0,0,0,0,0,0,0,0,2,0,0,0,0,0,2,0,0,0,0,2,0,0,2,0,0,0,0,0,0,2,0,2,0,0,2,0,0,2,0,0,2,0,0,0,2,0,0,2,0,0,0,0,0,0,0,0,0,0,2,0,0,0,2,2,0,2,0,0,0,2,0
9,0,NA,0,2,2,0,0,0,0,0,0,0,2,0,0,0,0,2,0,0,0,0,0,0,0,0,2,0,0,0,0,0,0,0,0,0,2,0,2,0,2,0,2,0,2,0,0,2,0,0,0,0,2,0,2,0,0,0,2,0,0,0,0,0,0,0,0,0,2,0,0,0,0,2,2,0,0,0,0,0,2,0,0,2,0,2,0,2,0,0,2,0,0,0,0,0,2,0,0,0,2,0,0,0,2,0,0,0,2,2,0,0,0,0,0,2,0,0,0,0,0,2,2,0,0,2,0,0,0,0,0,2,0,2,0,0,0,2,0,2,0,0,0,0,2,0,0,0,0,0,2,0,0,2,0,0,0,0,0,0,2,0,0,0,0,0,0,0,0,0,2,0,0,2,0,0,2,2,0,0,2,0,0,0,0,2,0,2,0,0,0,0,2,0,0,2,0,0,0,0,0,0,0,0,2,0,0,0,0,2,2,0,0,0,2,0,0,0
10,0,NA,0,0,2,0,0,0,0,0,0,0,2,0,0,0,0,0,0,0,0,2,0,0,0,0,0,0,0,0,0,0,0,0,0,2,0,0,2,0,2,0,0,0,2,0,0,2,0,0,0,0,2,0,2,0,0,0,0,2,0,0,0,0,0,0,0,0,0,0,0,2,0,2,0,0,2,0,0,0,2,0,0,2,0,2,0,0,2,0,2,0,0,2,0,0,0,0,0,0,2,0,0,0,0,0,0,2,0,2,0,0,0,0,0,0,2,0,2,0,2,0,2,0,0,2,0,0,2,0,0,0,2,0,0,0,0,2,0,0,0,0,0,0,2,0,0,0,0,0,0,2,0,0,2,0,0,0,0,0,0,2,0,0,0,2,0,0,0,0,2,0,0,2,0,2,0,2,0,0,2,0,0,0,2,0,2,0,0,0,0,0,0,2,0,2,0,0,0,0,0,0,0,0,2,0,0,0,2,0,0,2,0,2,2,0,0,0
11,0,NA,0,0,0,0,0,0,0,2,0,0,2,0,2,0,0,0,0,0,0,0,0,0,2,0,0,0,0,0,0,0,0,2,0,0,0,0,2,0,2,0,0,2,2,0,0,0,2,0,0,2,0,0,2,0,0,0,0,0,0,0,2,0,0,0,0,0,0,2,0,0,0,2,0,2,0,0,0,2,0,0,2,0,0,2,0,0,2,0,2,0,0,0,0,0,0,0,2,0,2,0,0,0,2,0,0,0,2,0,0,2,0,0,0,0,2,0,2,0,0,2,0,2,0,0,0,2,0,0,2,0,0,0,0,0,2,0,0,0,2,0,0,0,0,0,0,0,0,0,0,0,0,0,0,2,0,0,0,0,0,2,0,2,0,0,0,0,0,0,2,0,0,0,2,2,0,2,0,2,0,0,0,0,2,0,0,2,0,2,0,0,0,0,0,0,2,0,0,0,0,0,0,0,2,0,0,0,2,0,2,0,0,2,2,0,0,0
12,2,NA,0,0,0,0,0,0,0,2,0,0,2,0,0,0,0,2,0,0,0,0,0,0,0,0,2,0,0,0,0,0,0,0,0,2,0,0,2,2,0,2,0,0,2,2,0,0,0,0,2,0,0,0,2,2,0,0,0,0,0,0,0,2,0,0,0,2,0,0,0,0,0,2,0,2,0,0,0,2,0,0,2,0,0,0,2,2,0,0,0,2,0,0,0,2,0,0,0,0,2,0,0,2,0,0,0,0,2,2,0,0,0,0,0,0,2,0,2,0,0,2,0,0,2,0,2,0,0,0,2,0,0,0,0,0,2,0,0,0,2,0,0,0,0,0,0,0,0,0,0,0,2,2,0,2,0,0,0,2,0,0,0,0,0,2,0,0,0,0,2,0,0,0,2,2,0,0,0,0,0,2,2,0,0,0,0,2,0,0,0,0,0,0,0,0,2,0,0,0,0,0,0,0,2,0,0,0,2,0,0,2,0,2,0,0,0,0
13,2,NA,0,0,0,0,2,0,0,0,0,0,2,0,0,0,0,0,0,0,2,0,0,0,0,2,0,0,0,0,0,2,0,0,0,0,0,0,2,2,0,0,0,2,2,0,0,2,0,0,0,2,0,0,2,0,0,NA,0,0,0,2,0,0,2,0,0,0,0,0,0,0,0,2,0,0,2,0,0,0,2,2,0,0,NA,2,0,2,0,0,0,2,0,0,0,0,0,0,2,0,0,2,0,0,0,2,0,0,2,0,0,2,0,0,0,2,0,0,0,2,0,2,0,0,2,0,0,2,0,2,0,0,2,0,0,0,0,0,0,2,0,0,0,0,2,0,0,0,2,0,0,0,0,2,0,2,0,0,0,0,0,0,2,0,0,2,0,0,0,0,2,2,0,0,0,2,0,0,0,0,0,2,0,0,2,0,2,0,0,0,0,0,0,0,0,2,0,0,0,0,0,0,0,0,0,0,2,0,2,0,0,2,0,2,0,2,0,0
14,2,NA,0,0,0,0,0,0,NA,2,0,0,0,0,0,2,0,0,0,0,0,0,0,0,0,0,0,0,2,0,0,2,0,0,0,0,0,0,2,0,2,0,0,2,2,0,0,2,0,0,0,2,0,0,2,0,0,2,0,0,0,2,0,0,0,0,0,0,0,0,2,0,0,2,0,0,0,2,0,0,2,0,2,0,0,2,0,2,0,0,0,2,0,0,2,0,0,0,0,0,0,0,2,0,2,0,0,0,0,2,0,0,0,0,0,2,0,0,2,0,0,2,0,0,2,0,2,0,0,0,2,0,2,0,2,0,0,0,0,2,0,0,0,0,2,0,0,0,0,2,0,0,0,2,0,2,0,0,2,0,0,0,0,0,0,2,0,0,0,0,2,2,0,0,0,2,0,2,0,0,0,2,0,0,0,2,0,2,0,0,0,0,0,2,0,2,0,0,0,0,0,0,0,2,0,0,0,0,2,0,2,0,2,0,0,2,0,0
18,1,NA,1,0,0,0,0,1,0,1,0,1,0,0,1,0,1,0,0,0,0,0,0,1,0,0,0,0,0,0,0,0,0,0,0,1,1,2,0,1,1,0,2,0,2,0,0,2,0,0,1,1,0,1,1,0,0,0,0,1,0,0,0,0,0,0,0,0,1,0,1,0,0,2,1,0,0,0,1,0,1,0,1,1,0,0,2,1,1,1,1,0,0,0,0,1,1,0,0,1,1,0,0,0,1,0,1,0,2,2,0,0,0,0,0,1,1,0,1,0,1,1,1,0,1,0,1,0,0,0,1,1,2,0,0,0,1,1,0,0,1,0,1,0,1,0,0,0,0,0,0,0,1,0,0,1,0,0,0,0,0,1,0,0,0,0,1,1,0,1,1,0,1,0,0,1,1,0,1,1,0,1,0,1,1,0,0,2,0,0,0,1,0,1,1,1,0,0,0,0,0,0,1,0,0,1,0,0,1,1,2,0,1,0,1,0,1,0
19,1,NA,0,1,1,0,0,0,0,1,0,0,1,0,1,0,0,1,0,0,0,0,0,0,0,0,1,0,0,0,0,0,0,0,0,0,2,1,1,1,1,0,2,0,2,0,0,2,0,0,0,1,1,1,1,0,0,0,1,0,0,0,0,0,0,0,0,0,1,0,1,0,0,2,1,0,0,0,1,0,2,0,1,1,0,1,1,1,1,0,2,0,0,0,0,0,2,0,0,0,2,0,0,0,2,0,0,0,2,2,0,0,0,0,0,2,0,0,0,0,1,1,1,0,1,1,0,0,0,0,1,1,1,1,0,0,1,1,0,1,1,0,0,0,1,0,0,0,0,0,1,0,1,1,0,0,0,0,0,0,1,0,0,0,0,0,0,1,0,0,2,0,1,1,0,1,1,1,0,1,1,0,0,1,0,1,0,2,0,0,0,0,1,1,0,2,0,0,0,0,0,0,1,0,1,0,0,0,1,1,2,0,0,0,2,0,0,0
110,1,NA,0,0,1,0,0,0,0,1,0,0,1,0,1,0,0,0,0,0,0,1,0,0,0,0,0,0,0,0,0,0,0,0,0,1,1,1,1,1,1,0,1,0,2,0,0,2,0,0,0,1,1,1,1,0,0,0,0,1,0,0,0,0,0,0,0,0,0,0,1,1,0,NA,0,0,1,0,1,0,2,0,1,1,0,1,1,0,2,0,2,0,0,1,0,0,1,0,0,0,2,0,0,0,1,0,0,1,1,2,0,0,0,0,0,1,1,0,1,0,2,0,1,0,1,1,0,0,1,0,1,0,2,0,0,0,1,1,0,0,1,0,0,0,1,0,0,0,0,0,0,1,1,0,1,0,0,0,0,0,0,1,0,0,0,1,0,1,0,0,2,0,1,1,0,2,0,1,0,1,1,0,0,1,1,0,1,1,0,0,0,0,0,2,0,2,0,0,0,0,0,0,1,0,1,0,0,0,2,0,1,1,0,1,2,0,0,0
112,2,NA,0,0,0,0,0,0,0,2,0,0,1,0,1,0,0,1,0,0,0,0,0,0,0,0,1,0,0,0,0,0,0,0,0,1,1,1,1,2,0,1,1,0,2,1,0,1,0,0,1,1,0,1,1,1,0,0,0,0,0,0,0,1,0,0,0,1,0,0,1,0,0,2,0,1,0,0,1,1,1,0,2,0,0,0,2,1,1,0,1,1,0,0,0,1,1,0,0,0,2,0,0,1,1,0,0,0,2,2,0,0,0,0,0,1,1,0,1,0,1,1,0,0,2,0,1,0,0,0,2,0,1,0,0,0,2,0,0,0,2,0,0,0,0,0,0,0,0,0,0,0,2,1,0,1,0,0,0,1,0,0,0,0,0,1,0,1,0,0,2,0,1,0,1,2,0,0,0,1,0,1,1,1,0,0,0,2,0,0,0,0,0,1,0,1,1,0,0,0,0,0,1,0,1,0,0,0,2,0,1,1,0,1,1,0,0,0
113,2,NA,0,0,0,0,1,0,0,1,0,0,1,0,NA,0,0,0,0,0,1,0,0,0,0,1,0,0,0,0,0,1,0,0,0,0,1,1,1,2,0,0,1,1,2,0,0,2,0,0,0,2,0,1,1,0,0,1,0,0,0,1,0,0,1,0,0,0,0,0,1,0,0,2,0,0,1,0,1,0,2,1,1,0,0,1,1,1,1,0,1,1,0,0,0,0,1,0,1,0,1,1,0,0,1,1,0,0,2,1,0,1,0,0,0,2,0,0,0,1,1,1,0,0,2,0,0,1,0,1,1,0,2,0,0,0,1,0,0,1,1,0,0,0,1,0,0,0,1,0,0,0,1,1,0,1,0,0,0,0,0,0,1,0,0,1,0,1,0,0,2,1,1,0,0,2,0,0,0,1,0,1,0,1,1,0,1,1,0,0,0,0,0,1,0,2,0,0,0,0,0,0,1,0,0,0,1,0,2,0,1,1,0,1,1,1,0,0
114,2,NA,0,0,0,0,0,0,0,2,0,0,0,0,1,1,0,0,0,0,0,0,0,0,0,0,0,0,1,0,0,1,0,0,0,0,1,1,1,1,1,0,1,1,2,0,0,2,0,0,0,2,0,1,1,0,0,1,0,0,0,1,0,0,0,0,0,0,0,0,2,0,0,2,0,0,0,1,1,0,2,0,2,0,0,1,1,1,1,0,1,1,0,0,1,0,1,0,0,0,1,0,1,0,2,0,0,0,1,2,0,0,0,0,0,2,0,0,1,0,1,1,0,0,2,0,1,0,0,0,2,0,2,0,1,0,1,0,0,1,1,0,0,0,1,0,0,0,0,1,0,0,1,1,0,1,0,0,1,0,0,0,0,0,0,1,0,1,0,0,2,1,1,0,0,2,0,1,0,1,0,1,0,1,0,1,0,2,0,0,0,0,0,2,0,2,0,0,0,0,0,0,1,1,0,0,0,0,2,0,2,0,1,0,1,1,0,0
28,0,NA,1,0,1,0,0,1,0,0,0,1,0,0,0,0,1,0,0,0,1,0,0,1,1,0,0,0,0,0,0,0,0,0,1,1,0,1,1,1,1,0,1,1,2,1,0,1,0,0,2,0,0,0,1,0,0,1,0,2,0,0,0,0,0,0,0,0,1,0,0,0,0,2,1,0,1,0,0,0,1,1,0,1,0,1,1,2,0,2,0,0,0,0,0,1,0,1,0,1,0,1,0,0,1,0,1,0,2,1,1,0,0,0,0,1,1,1,1,0,0,1,1,0,0,0,2,0,0,0,1,1,2,0,0,0,0,1,1,0,0,1,1,0,1,1,0,0,0,1,0,0,0,0,1,2,0,0,0,0,0,2,0,0,1,0,1,0,0,2,0,1,0,0,0,1,1,1,1,1,0,1,0,0,2,0,1,1,0,0,0,1,0,1,1,0,0,0,0,0,1,0,0,0,0,1,0,1,0,2,2,0,2,0,0,0,1,1
211,0,NA,0,0,1,0,0,0,0,1,0,0,1,0,1,0,0,0,0,0,1,0,0,0,2,0,0,0,0,0,0,0,0,1,1,0,0,0,2,1,1,0,0,2,2,1,0,0,1,0,1,1,0,0,1,0,0,1,0,1,0,0,1,0,0,0,0,0,0,1,0,0,0,2,0,1,1,0,0,1,1,1,1,0,0,2,0,1,1,1,1,0,0,0,0,0,0,1,1,0,1,1,0,0,2,0,0,0,2,0,1,1,0,0,0,1,1,1,1,0,0,1,0,1,0,0,1,1,0,0,2,0,1,0,0,0,1,0,1,0,1,1,0,0,0,1,0,0,0,1,0,0,0,0,1,2,0,0,0,0,0,2,0,1,1,0,0,0,0,1,1,1,0,0,1,2,0,2,0,2,0,0,0,0,2,0,1,1,0,1,0,0,0,1,0,0,1,0,0,0,1,0,0,0,1,0,0,1,1,1,2,0,1,1,1,0,0,1
212,1,NA,0,0,1,0,0,0,0,1,0,0,1,0,0,0,0,1,0,0,1,0,0,0,1,0,1,0,0,0,0,0,0,0,1,1,0,0,2,2,0,1,0,1,2,2,0,0,0,0,2,0,0,0,1,1,0,1,0,1,0,0,0,1,0,0,0,1,0,0,0,0,0,2,0,NA,1,0,0,1,1,1,1,0,0,1,1,2,0,1,0,1,0,0,0,1,0,1,0,0,1,1,0,1,1,0,0,0,2,1,1,0,0,0,0,1,1,1,1,0,0,1,0,0,1,0,2,0,0,0,2,0,1,0,0,0,1,0,1,0,1,1,0,0,0,1,0,0,0,1,0,0,1,1,1,2,0,0,0,1,0,1,0,0,1,1,0,0,0,1,1,1,0,0,1,2,0,1,0,1,0,1,1,0,1,0,1,1,0,0,0,0,0,1,0,0,1,0,0,0,1,0,0,0,1,0,0,1,1,1,1,1,1,1,0,0,0,1
213,1,NA,0,0,1,0,1,0,0,0,0,0,1,0,NA,0,0,0,0,0,2,0,0,0,1,1,0,0,0,0,0,1,0,0,1,0,0,0,2,2,0,0,0,2,2,1,0,1,0,0,1,1,0,0,1,0,0,2,0,1,0,1,0,0,1,0,0,0,0,0,0,0,0,2,0,0,2,0,0,0,2,2,0,0,0,2,0,2,0,1,0,1,0,0,0,0,0,1,1,0,0,2,0,0,1,1,0,0,2,0,1,1,0,0,0,2,0,1,0,1,0,1,0,0,1,0,1,1,0,1,1,0,2,0,0,0,0,0,1,1,0,1,0,0,1,NA,0,0,1,1,0,0,0,1,1,NA,0,0,0,0,0,1,1,0,1,1,0,0,0,1,1,2,0,0,0,2,0,1,0,1,0,1,0,0,2,0,2,0,0,0,0,0,0,1,0,1,0,0,0,0,1,0,0,0,0,0,1,1,1,1,1,1,1,1,0,1,0,1
38,0,NA,2,NA,0,0,0,2,0,0,0,1,0,0,0,0,1,1,0,0,0,0,0,1,0,0,0,1,0,0,0,0,0,0,1,1,0,2,0,0,1,0,2,0,2,0,0,1,1,0,1,0,1,0,2,0,0,1,0,1,0,0,0,1,0,0,1,0,1,0,0,0,0,2,2,0,0,0,0,0,1,0,0,2,0,1,1,2,0,1,0,0,1,0,0,1,1,0,0,1,0,1,0,0,1,0,1,0,2,2,0,0,0,0,0,0,2,0,1,0,1,1,2,0,0,0,1,0,0,0,1,1,1,1,0,0,0,1,1,0,1,0,1,0,1,0,0,0,1,0,0,0,0,0,1,2,0,0,0,0,0,2,0,0,0,1,1,0,0,2,0,0,0,0,0,1,1,0,2,1,0,1,0,0,2,0,0,2,0,0,0,1,0,1,1,0,0,0,0,1,0,0,0,0,0,2,0,0,0,2,2,0,1,1,0,0,2,0
39,0,NA,1,1,1,0,0,1,0,0,0,0,1,0,0,0,0,2,0,0,0,0,0,0,0,0,1,1,0,0,0,0,0,0,1,0,1,1,1,0,1,0,2,0,2,0,0,1,1,0,0,0,2,0,2,0,0,1,1,0,0,0,0,1,0,0,1,0,1,0,0,0,0,2,2,0,0,0,0,0,2,0,0,2,0,2,0,2,0,0,1,0,1,0,0,0,2,0,0,0,1,1,0,0,2,0,0,0,2,NA,0,0,0,0,0,1,1,0,0,0,1,1,2,0,0,1,0,0,0,0,1,1,0,2,0,0,0,1,1,1,1,0,0,0,1,0,0,0,1,0,1,0,0,1,1,1,0,0,0,0,1,1,0,0,0,1,0,0,0,1,1,0,0,1,0,1,1,1,1,1,1,0,0,0,1,1,0,2,0,0,0,0,1,1,0,1,0,0,0,1,0,0,0,0,1,1,0,0,0,2,2,0,0,1,1,0,1,0
311,0,NA,1,0,0,0,0,1,0,1,0,0,1,0,1,0,0,1,0,0,0,0,0,0,1,0,0,1,0,0,0,0,0,1,1,0,0,1,1,0,1,0,1,1,2,0,0,0,2,0,0,1,1,0,2,0,0,1,0,0,0,0,1,1,0,0,1,0,0,1,0,0,0,2,1,1,0,0,0,1,1,0,1,1,0,2,0,1,1,0,1,0,1,0,0,0,1,0,1,0,1,1,0,0,2,0,0,0,2,1,0,1,0,0,0,0,2,0,1,0,1,1,1,1,0,0,0,1,0,0,2,0,0,1,0,0,1,0,1,0,2,0,0,0,0,0,0,0,1,0,0,0,0,0,1,2,0,0,0,0,0,2,0,1,0,1,0,0,0,1,1,0,0,0,1,2,0,1,1,2,0,0,0,0,2,0,0,2,0,1,0,0,0,1,0,0,1,0,0,1,0,0,0,0,1,1,0,0,1,1,2,0,0,2,1,0,1,0
312,1,NA,1,0,0,0,0,1,0,1,0,0,1,0,0,0,0,2,0,0,0,0,0,0,0,0,1,1,0,0,0,0,0,0,1,1,0,1,1,1,0,1,1,0,2,1,0,0,1,0,1,0,1,0,2,1,0,1,0,0,0,0,0,2,0,0,1,1,0,0,0,0,0,2,1,1,0,0,0,1,1,0,1,1,0,1,1,2,0,0,0,1,1,0,0,1,1,0,0,0,1,1,0,1,1,0,0,0,2,2,0,0,0,0,0,0,2,0,1,0,1,1,1,0,1,0,1,0,0,0,2,0,0,1,0,0,1,0,1,0,2,0,0,0,0,0,0,0,1,0,0,0,1,1,1,2,0,0,0,1,0,1,0,0,0,2,0,0,0,1,1,0,0,0,1,2,0,0,1,1,0,1,1,0,1,0,0,2,0,0,0,0,0,1,0,0,1,0,0,1,0,0,0,0,1,1,0,0,1,1,1,1,0,2,0,0,1,0
313,1,NA,1,0,0,0,1,1,0,0,0,0,1,0,0,0,0,1,0,0,1,0,0,0,0,1,0,1,0,0,0,1,0,0,1,0,0,1,1,1,0,0,1,1,2,0,0,1,1,0,0,1,1,0,2,0,0,2,0,0,0,1,0,1,1,0,1,0,0,0,0,0,0,2,1,0,1,0,0,0,2,1,0,1,0,2,0,2,0,0,0,1,1,0,0,0,1,0,1,0,0,2,0,0,1,1,0,0,2,1,0,1,0,0,0,1,1,0,0,1,1,1,1,0,1,0,0,1,0,1,1,0,1,1,0,0,0,0,1,1,1,0,0,0,1,0,0,0,2,0,0,0,0,1,1,2,0,0,0,0,0,1,1,0,0,2,0,0,0,1,1,1,0,0,0,2,0,0,1,1,0,1,0,0,2,0,1,1,0,0,0,0,0,1,0,1,0,0,0,1,0,0,0,0,0,1,1,0,1,1,1,1,0,2,0,1,1,0
314,1,NA,1,0,0,0,0,1,0,1,0,0,0,0,0,1,0,1,0,0,0,0,0,0,0,0,0,1,1,0,0,1,0,0,1,0,0,1,1,0,1,0,1,1,2,0,0,1,1,0,0,1,1,0,2,0,0,2,0,0,0,1,0,1,0,0,1,0,0,0,1,0,0,2,1,0,0,1,0,0,2,0,1,1,0,2,0,2,0,0,0,1,1,0,1,0,1,0,0,0,0,1,1,0,2,0,0,0,1,2,0,0,0,0,0,1,1,0,1,0,1,1,1,0,1,0,1,0,0,0,2,0,1,1,1,0,0,0,1,1,1,0,0,0,1,0,0,0,1,1,0,0,0,1,1,2,0,0,1,0,0,1,0,0,0,2,0,0,0,1,1,1,0,0,0,2,0,1,1,1,0,1,0,0,1,1,0,2,0,0,0,0,0,2,0,1,0,0,0,1,0,0,0,1,0,1,0,0,1,1,2,0,1,1,0,1,1,0
48,0,NA,2,0,0,0,0,1,0,1,1,1,0,0,0,0,1,0,0,1,0,0,0,1,0,0,0,0,0,0,1,0,1,0,0,1,0,2,0,1,1,0,2,0,2,0,1,1,0,1,1,0,0,1,1,0,0,1,0,1,1,0,0,0,0,0,0,0,1,0,0,0,0,2,2,0,0,0,0,0,1,1,0,1,0,1,1,2,0,2,0,0,0,0,0,1,0,0,0,1,0,1,0,0,1,0,1,1,1,2,0,0,0,0,0,0,2,1,1,0,0,2,2,0,0,0,1,1,0,1,0,1,2,0,0,0,0,2,0,0,0,0,2,0,1,0,1,0,0,0,0,1,0,1,0,1,1,0,0,0,0,2,0,0,0,1,1,0,0,1,1,0,1,0,0,1,1,1,1,0,0,2,0,1,1,0,1,1,0,0,0,1,0,1,1,1,0,0,0,0,0,0,0,0,0,1,0,1,0,2,1,1,1,0,1,0,1,0
49,0,NA,1,1,1,0,0,0,0,1,1,0,1,0,0,0,0,1,0,1,0,0,0,0,0,0,1,0,0,0,1,0,1,0,0,0,1,1,1,1,1,0,2,0,2,0,1,1,0,1,0,0,1,1,1,0,0,1,1,0,1,0,0,0,0,0,0,0,1,0,0,0,0,2,2,0,0,0,0,0,2,1,0,1,0,2,0,2,0,1,1,0,0,0,0,0,1,0,0,0,1,1,0,0,2,0,0,1,1,2,0,0,0,0,0,1,1,1,0,0,0,2,2,0,0,1,0,1,0,1,0,1,1,1,0,0,0,2,0,1,0,0,1,0,1,0,1,0,0,0,1,1,0,2,0,0,1,0,0,0,1,1,0,0,0,1,0,0,0,0,2,0,1,1,0,1,1,2,0,0,1,1,0,1,0,1,1,1,0,0,0,0,1,1,0,2,0,0,0,0,0,0,0,0,1,0,0,1,0,2,1,1,0,0,2,0,0,0
411,0,NA,1,0,0,0,0,0,0,2,1,0,1,0,1,0,0,0,0,1,0,0,0,0,1,0,0,0,0,0,1,0,1,1,0,0,0,1,1,1,1,0,1,1,2,0,1,0,1,1,0,1,0,1,1,0,0,1,0,0,1,0,1,0,0,0,0,0,0,1,0,0,0,2,1,1,0,0,0,1,1,1,1,0,0,2,0,1,1,1,1,0,0,0,0,0,0,0,1,0,1,1,0,0,2,0,0,1,1,1,0,1,0,0,0,0,2,1,1,0,0,2,1,1,0,0,0,2,0,1,1,0,1,0,0,0,1,1,0,0,1,0,1,0,0,0,1,0,0,0,0,1,0,1,0,1,1,0,0,0,0,2,0,1,0,1,0,0,0,0,2,0,1,0,1,2,0,2,0,1,0,1,0,1,1,0,1,1,0,1,0,0,0,1,0,1,1,0,0,0,0,0,0,0,1,0,0,1,1,1,1,1,0,1,2,0,0,0
412,1,NA,1,0,0,0,0,0,0,2,1,0,1,0,0,0,0,1,0,1,0,0,0,0,0,0,1,0,0,0,1,0,1,0,0,1,0,1,1,2,0,1,1,0,2,1,1,0,0,1,1,0,0,1,1,1,0,1,0,0,1,0,0,1,0,0,0,1,0,0,0,0,0,2,1,1,0,0,0,1,1,1,1,0,0,1,1,2,0,1,0,1,0,0,0,1,0,0,0,0,1,1,0,1,1,0,0,1,1,2,0,0,0,0,0,0,2,1,1,0,0,2,1,0,1,0,1,1,0,1,1,0,1,0,0,0,1,1,0,0,1,0,1,0,0,0,1,0,0,0,0,1,1,2,0,1,1,0,0,1,0,1,0,0,0,2,0,0,0,0,2,0,1,0,1,2,0,1,0,0,0,2,1,1,0,0,1,1,0,0,0,0,0,1,0,1,1,0,0,0,0,0,0,0,1,0,0,1,1,1,0,2,0,1,1,0,0,0
413,1,NA,1,0,0,0,1,0,0,1,1,0,1,0,0,0,0,0,0,1,1,0,0,0,0,1,0,0,0,0,1,1,1,0,0,0,0,1,1,2,0,0,1,1,2,0,1,1,0,1,0,1,0,1,1,0,0,2,0,0,1,1,0,0,1,0,0,0,0,0,0,0,0,2,1,0,1,0,0,0,2,2,0,0,0,2,0,2,0,1,0,1,0,0,0,0,0,0,1,0,0,2,0,0,1,1,0,1,1,1,0,1,0,0,0,1,1,1,0,1,0,2,1,0,1,0,0,2,0,2,0,0,2,0,0,0,0,1,0,1,0,0,1,0,1,0,1,0,1,0,0,1,0,2,0,1,1,0,0,0,0,1,1,0,0,2,0,0,0,0,2,1,1,0,0,2,0,1,0,0,0,2,0,1,1,0,2,0,0,0,0,0,0,1,0,2,0,0,0,0,0,0,0,0,0,0,1,1,1,1,0,2,0,1,1,1,0,0
414,1,NA,1,0,0,0,0,0,0,2,1,0,0,0,0,1,0,0,0,1,0,0,0,0,0,0,0,0,1,0,1,1,1,0,0,0,0,1,1,1,1,0,1,NA,2,0,1,1,0,1,0,1,0,1,1,0,0,2,0,0,1,1,0,0,0,0,0,0,0,0,1,0,0,2,1,0,0,1,0,0,2,1,1,0,0,2,0,2,0,1,0,1,0,0,1,0,0,0,0,0,0,1,1,0,2,0,0,1,0,2,0,0,0,0,0,1,1,1,1,0,0,2,1,0,1,NA,1,1,0,1,1,0,2,0,1,0,0,1,0,1,0,0,1,0,1,0,1,0,0,1,0,1,0,2,0,1,1,0,1,0,0,1,0,0,0,2,0,0,0,0,2,1,1,0,0,2,0,2,0,0,0,2,0,1,0,1,1,1,0,0,0,0,0,2,0,2,0,0,0,0,0,0,0,1,0,0,0,1,1,1,1,1,1,0,1,1,0,0
58,0,NA,2,0,0,0,0,1,0,0,0,1,1,1,0,0,1,0,0,0,0,0,0,1,0,0,0,1,0,0,0,0,0,0,0,1,0,1,1,1,1,0,1,1,1,0,0,2,0,0,1,0,1,0,1,1,0,0,0,1,0,1,0,0,0,0,0,1,1,0,0,0,1,1,2,0,0,0,0,0,1,0,0,1,1,0,2,2,0,1,1,0,0,0,1,1,0,0,0,1,0,1,0,0,0,0,2,0,2,2,0,0,0,1,0,0,1,1,1,0,1,1,2,0,0,0,2,0,0,0,0,1,2,0,0,0,0,1,0,0,0,0,2,0,1,0,0,0,0,0,0,1,0,0,1,1,0,0,1,0,0,1,0,0,0,1,1,0,0,1,1,0,0,0,0,1,1,1,1,0,0,2,0,1,1,0,1,1,0,0,1,1,0,0,1,0,0,0,1,0,0,1,0,0,0,1,0,0,0,2,1,1,1,1,0,0,2,0
59,0,NA,1,1,1,0,0,0,0,0,0,0,2,1,0,0,0,1,0,0,0,0,0,0,0,0,1,1,0,0,0,0,0,0,0,0,1,0,2,1,1,0,1,1,1,0,0,2,0,0,0,0,2,0,1,1,0,0,1,0,0,1,0,0,0,0,0,1,1,0,0,0,1,1,2,0,0,0,0,0,2,0,0,1,1,1,1,2,0,0,2,0,0,0,1,0,1,0,0,0,1,1,0,0,1,0,1,0,2,2,0,0,0,1,0,1,0,1,0,0,1,1,2,0,0,1,1,0,0,0,0,1,1,1,0,0,0,1,0,1,0,0,1,0,1,0,0,0,0,0,1,1,0,1,1,0,0,0,1,0,1,0,0,0,0,1,0,0,0,0,2,0,0,1,0,1,1,2,0,0,1,1,0,1,0,1,1,1,0,0,1,0,1,0,0,1,0,0,1,0,0,1,0,0,1,0,0,0,0,2,1,1,0,1,1,0,1,0
510,0,NA,1,0,1,0,0,0,0,0,0,0,2,1,0,0,0,0,0,0,0,1,0,0,0,0,0,1,0,0,0,0,0,0,0,1,0,0,2,1,1,0,0,1,1,0,0,2,0,0,0,0,2,0,1,1,0,0,0,1,0,1,0,0,0,0,0,1,0,0,0,1,1,1,1,0,1,0,0,0,2,0,0,1,1,1,1,1,1,0,2,0,0,1,1,0,0,0,0,0,1,1,0,0,0,0,1,1,1,2,0,0,0,1,0,0,1,1,1,0,2,0,2,0,0,1,1,0,1,0,0,0,2,0,0,0,0,1,0,0,0,0,1,0,1,0,0,0,0,0,0,2,0,0,2,0,0,0,1,0,0,1,0,0,0,2,0,0,0,0,2,0,0,1,0,2,0,2,0,0,1,1,0,1,1,0,2,0,0,0,1,0,0,1,0,1,0,0,1,0,0,1,0,0,1,0,0,0,1,1,0,2,0,2,1,0,1,0
511,0,NA,1,0,0,0,0,0,0,1,0,0,2,1,1,0,0,0,0,0,0,0,0,0,1,0,0,1,0,0,0,0,0,1,0,0,0,0,2,1,1,0,0,2,1,0,0,1,1,0,0,1,1,0,1,1,0,0,0,0,0,1,1,0,0,0,0,1,0,1,0,0,1,1,1,1,0,0,0,1,1,0,1,0,1,1,1,1,1,0,2,0,0,0,1,0,0,0,1,0,1,1,0,0,1,0,1,0,2,1,0,1,0,1,0,0,1,1,1,0,1,1,1,1,0,0,1,1,0,0,1,0,1,0,0,0,1,0,0,0,1,0,1,0,0,0,0,0,0,0,0,1,0,0,1,1,0,0,1,0,0,1,0,1,0,1,0,0,0,0,2,0,0,0,1,2,0,2,0,1,0,1,0,1,1,0,1,1,0,1,1,0,0,0,0,0,1,0,1,0,0,1,0,0,1,0,0,0,1,1,1,1,0,2,1,0,1,0
512,1,NA,1,0,0,0,0,0,0,1,0,0,2,1,0,0,0,1,0,0,0,0,0,0,0,0,1,1,0,0,0,0,0,0,0,1,0,0,2,2,0,1,0,1,1,1,0,1,0,0,1,0,1,0,1,2,0,0,0,0,0,1,0,1,0,0,0,2,0,0,0,0,1,1,1,1,0,0,0,1,1,0,1,0,1,0,2,2,0,0,1,1,0,0,1,1,0,0,0,0,1,1,0,1,0,0,1,0,2,2,0,0,0,1,0,0,1,1,1,0,1,1,1,0,1,0,2,0,0,0,1,0,1,0,0,0,1,0,0,0,1,0,1,0,0,0,0,0,0,0,0,1,1,1,1,1,0,0,1,1,0,0,0,0,0,2,0,0,0,0,2,0,0,0,1,2,0,1,0,0,0,2,1,1,0,0,1,1,0,0,1,0,0,0,0,0,1,0,1,0,0,1,0,0,1,0,0,0,1,1,0,2,0,2,0,0,1,0
513,1,NA,1,0,0,0,1,0,0,0,0,0,2,1,0,0,0,0,0,0,1,0,0,0,0,1,0,1,0,0,0,1,0,0,0,0,0,0,2,2,0,0,0,2,1,0,0,2,0,0,0,1,1,0,1,1,0,1,0,0,0,2,0,0,1,0,0,1,0,0,0,0,1,1,1,0,1,0,0,0,2,1,0,0,1,1,1,2,0,0,1,1,0,0,1,0,0,0,1,0,0,2,0,0,0,1,1,0,2,1,0,1,0,1,0,1,0,1,0,1,1,1,1,0,1,0,1,1,0,1,0,0,2,0,0,0,0,0,0,1,0,0,1,0,1,0,0,0,1,0,0,1,0,1,1,1,0,0,1,0,0,0,1,0,0,2,0,0,0,0,2,1,0,0,0,2,0,1,0,0,0,2,0,1,1,0,2,0,0,0,1,0,0,0,0,1,0,0,1,0,0,1,0,0,0,0,1,0,1,1,0,2,0,2,0,1,1,0
514,1,NA,1,0,0,0,0,0,0,1,0,0,1,1,0,1,0,0,0,0,0,0,0,0,0,0,0,1,1,0,0,1,0,0,0,0,0,0,2,1,1,0,0,2,1,0,0,2,0,0,0,1,1,0,1,1,0,1,0,0,0,2,0,0,0,0,0,1,0,0,1,0,1,1,1,0,0,1,0,0,2,0,1,0,1,1,1,2,0,0,1,1,0,0,2,0,0,0,0,0,0,1,1,0,1,0,1,0,1,2,0,0,0,1,0,1,0,1,1,0,1,1,1,0,1,0,2,0,0,0,1,0,2,0,1,0,0,0,0,1,0,0,1,0,1,0,0,0,0,1,0,1,0,1,1,1,0,0,2,0,0,0,0,0,0,2,0,0,0,0,2,1,0,0,0,2,0,2,0,0,0,2,0,1,0,1,1,1,0,0,1,0,0,1,0,1,0,0,1,0,0,1,0,1,0,0,0,0,1,1,1,1,1,1,0,1,1,0
68,0,NA,2,0,0,0,0,1,1,0,1,1,0,0,0,0,1,0,1,0,0,0,0,1,0,0,0,0,0,1,0,0,0,0,0,1,0,1,1,1,1,0,2,0,2,0,0,2,0,0,1,0,1,0,2,0,1,0,0,1,0,0,0,0,0,0,0,0,1,0,1,0,0,2,1,0,0,0,1,0,1,1,0,1,0,0,2,2,0,1,1,0,0,0,0,1,1,0,0,1,0,0,1,0,1,0,1,0,2,2,0,0,0,0,1,0,1,0,1,0,1,1,2,0,0,0,1,1,0,0,0,1,2,0,0,0,1,1,0,0,0,1,1,1,1,0,0,1,0,0,0,0,0,0,1,1,0,0,0,0,0,2,0,0,0,0,2,0,1,1,0,0,0,0,0,1,1,1,1,0,1,1,0,1,1,0,0,2,0,0,0,1,0,0,1,0,0,1,0,0,0,0,0,0,0,1,0,0,1,1,2,0,1,1,0,0,2,0
69,0,NA,1,1,1,0,0,0,1,0,1,0,1,0,0,0,0,1,1,0,0,0,0,0,0,0,1,0,0,1,0,0,0,0,0,0,1,0,2,1,1,0,2,0,2,0,0,2,0,0,0,0,2,0,2,0,1,0,1,0,0,0,0,0,0,0,0,0,1,0,1,0,0,2,1,0,0,0,1,0,2,1,0,1,0,1,1,2,0,0,2,0,0,0,0,0,2,0,0,0,1,0,1,0,2,0,0,0,2,2,0,0,0,0,1,1,0,0,0,0,1,1,2,0,0,1,0,1,0,0,0,1,1,1,0,0,1,1,0,1,0,1,0,1,1,0,0,1,0,0,1,0,0,1,1,0,0,0,0,0,1,1,0,0,0,0,1,0,1,0,1,0,0,1,0,1,1,2,0,0,2,0,0,1,0,1,0,2,0,0,0,0,1,0,0,1,0,1,0,0,0,0,0,0,1,0,0,0,1,1,2,0,0,1,1,0,1,0
610,0,NA,1,0,1,0,0,0,1,0,1,0,1,0,0,0,0,0,1,0,0,1,0,0,0,0,0,0,0,1,0,0,0,0,0,1,0,0,2,1,1,0,1,0,2,0,0,2,0,0,0,0,2,0,2,0,1,0,0,1,0,0,0,0,0,0,0,0,0,0,1,1,0,2,0,0,1,0,1,0,2,1,0,1,0,1,1,1,1,0,2,0,0,1,0,0,1,0,0,0,1,0,1,0,1,0,0,1,1,2,0,0,0,0,1,0,1,0,1,0,2,0,2,0,0,1,0,1,1,0,0,0,2,0,0,0,1,1,NA,0,0,1,0,1,1,0,0,1,0,0,0,1,0,0,2,0,0,0,0,0,0,2,0,0,0,1,1,0,1,0,1,0,0,1,0,2,0,2,0,0,2,0,0,1,1,0,1,1,0,0,0,0,0,1,0,1,0,1,0,0,0,0,0,0,1,0,0,0,2,0,1,1,0,2,1,0,1,0
611,0,NA,1,0,0,0,0,0,1,1,1,0,1,0,1,0,0,0,1,0,0,0,0,0,1,0,0,0,0,1,0,0,0,1,0,0,0,0,2,1,1,0,1,1,2,0,0,1,1,0,0,1,1,0,2,0,1,0,0,0,0,0,1,0,0,0,0,0,0,1,1,0,0,2,0,1,0,0,1,1,1,1,1,0,0,1,1,1,1,0,2,0,0,0,0,0,1,0,1,0,1,0,1,0,2,0,0,0,2,1,0,1,0,0,1,0,1,0,1,0,1,1,1,1,0,0,0,2,0,0,1,0,1,0,0,0,2,0,0,0,1,1,0,1,0,0,0,1,0,0,0,0,0,0,1,1,0,0,0,0,0,2,0,1,0,0,1,0,1,0,1,0,0,0,1,2,0,2,0,1,1,0,0,1,1,0,0,2,0,1,0,0,0,0,0,0,1,1,0,0,0,0,0,0,1,0,0,0,2,0,2,0,0,2,1,0,1,0
612,1,NA,1,0,0,0,0,0,1,1,1,0,1,0,0,0,0,1,1,0,0,0,0,0,0,0,1,0,0,1,0,0,0,0,0,1,0,0,2,2,0,1,1,0,2,1,0,1,0,0,1,0,1,0,2,1,1,0,0,0,0,0,0,1,0,0,0,1,0,0,1,0,0,2,0,1,0,0,1,1,1,1,1,0,0,0,2,2,0,0,1,1,0,0,0,1,1,0,0,0,1,0,1,1,1,0,0,0,2,2,0,0,0,0,1,0,1,0,1,0,1,1,1,0,1,0,1,1,0,0,1,0,1,0,0,0,2,0,0,0,1,1,0,1,0,0,0,1,0,0,0,0,1,1,1,1,0,0,0,1,0,1,0,0,0,1,1,0,1,0,1,0,0,0,1,2,0,1,0,0,1,1,1,1,0,0,0,2,0,0,0,0,0,0,0,0,1,1,0,0,0,0,0,0,1,0,0,0,2,0,1,1,0,2,0,0,1,0
613,1,NA,1,0,0,0,1,0,1,0,1,0,1,0,0,0,0,0,1,0,1,0,0,0,0,1,0,0,0,1,0,1,0,0,0,0,0,0,2,2,0,0,1,1,2,0,0,2,0,0,0,1,1,0,2,0,1,1,0,0,0,1,0,0,1,0,0,0,0,0,1,0,0,2,0,0,1,0,1,0,2,2,0,0,0,1,1,2,0,0,1,1,0,0,0,0,1,0,1,0,0,1,1,0,1,1,0,0,2,1,0,1,0,0,1,1,0,0,0,1,1,1,1,0,1,0,0,2,0,1,0,0,2,0,0,0,1,0,0,1,0,1,0,1,1,0,0,1,1,0,0,0,0,1,1,1,0,0,0,0,0,1,1,0,0,1,1,0,1,0,1,1,0,0,0,2,0,1,0,0,1,1,0,1,1,0,1,1,0,0,0,0,0,0,0,1,0,1,0,0,0,0,0,0,0,0,1,0,2,0,1,1,0,2,0,1,1,0
79,0,NA,0,1,1,0,0,0,1,0,0,0,1,0,0,0,0,1,0,0,0,0,1,0,0,0,1,0,1,0,0,0,0,0,1,0,1,0,2,1,1,NA,2,0,1,0,0,1,1,1,0,0,1,0,2,0,0,1,2,0,0,0,0,0,0,1,0,0,1,0,0,0,0,2,1,0,0,0,1,0,2,1,0,1,0,2,0,2,0,0,1,0,1,0,0,1,1,0,0,0,1,1,0,0,2,0,0,0,2,1,0,0,1,0,0,1,1,0,1,0,0,1,2,0,0,2,0,0,0,0,0,1,1,1,0,1,0,1,0,1,0,0,1,0,1,1,0,0,0,1,1,0,0,1,1,1,0,1,0,0,1,0,0,0,0,NA,1,0,0,0,2,0,0,1,0,0,1,1,1,0,2,0,0,0,0,NA,0,1,1,0,0,0,1,1,0,1,0,0,0,1,0,0,0,0,1,0,1,0,0,2,1,1,0,1,2,0,0,0
710,0,NA,0,0,1,0,0,0,1,0,0,0,1,0,0,0,0,0,0,0,0,1,1,0,0,0,0,0,1,0,0,0,0,0,1,1,0,0,2,1,1,0,1,0,1,0,0,1,1,1,0,0,1,0,2,0,0,1,1,1,0,0,0,0,0,1,0,0,0,0,0,1,0,2,0,0,1,0,1,0,2,1,0,1,0,2,0,1,1,0,1,0,1,1,0,1,0,0,0,0,1,1,0,0,1,0,0,1,1,1,0,0,1,0,0,0,2,0,2,0,1,0,2,0,0,2,0,0,1,0,0,0,2,0,0,1,0,1,0,0,0,0,1,0,1,1,0,0,0,1,0,1,0,0,2,1,0,1,0,0,0,1,0,0,0,1,1,0,0,0,2,0,0,1,0,1,0,1,1,0,2,0,0,0,1,1,1,0,1,0,0,0,0,2,0,1,0,0,0,1,0,0,0,0,1,0,1,0,1,1,0,2,0,2,2,0,0,0
711,0,NA,0,0,0,0,0,0,1,1,0,0,1,0,1,0,0,0,0,0,0,0,1,0,1,0,0,0,1,0,0,0,0,1,1,0,0,0,2,1,1,0,1,1,1,0,0,0,2,1,0,1,0,0,2,0,0,1,1,0,0,0,1,0,0,1,0,0,0,1,0,0,0,2,0,1,0,0,1,1,1,1,1,0,0,2,0,1,1,0,1,0,1,0,0,1,0,0,1,0,1,1,0,0,2,0,0,0,2,0,0,1,1,0,0,0,2,0,2,0,0,1,1,1,0,1,0,1,0,0,1,0,1,0,0,1,1,0,0,0,1,0,1,0,0,1,0,0,0,1,0,0,0,0,1,2,0,1,0,0,0,1,0,1,0,0,1,0,0,0,2,0,0,0,1,1,0,1,1,1,1,0,0,0,1,1,0,1,1,1,0,0,0,1,0,0,1,0,0,1,0,0,0,0,1,0,1,0,1,1,1,1,0,2,2,0,0,0
712,1,NA,0,0,0,0,0,0,1,1,NA,0,1,0,0,0,0,1,0,0,0,0,1,0,0,0,1,0,1,0,0,0,0,0,1,1,0,0,2,2,0,1,1,0,1,1,0,0,1,1,1,0,0,0,2,1,0,1,1,0,0,0,0,1,0,1,0,1,0,0,0,0,0,2,0,1,0,0,1,1,1,1,1,0,0,1,1,2,0,0,0,1,1,0,0,2,0,0,0,0,1,1,0,1,1,0,0,0,2,1,0,0,1,0,0,0,2,0,2,0,0,1,1,0,1,1,1,0,0,0,1,0,1,0,0,1,1,0,0,0,1,0,1,0,0,1,0,0,0,1,0,0,1,1,1,2,0,1,0,1,0,0,0,0,0,1,1,0,0,0,2,0,0,0,1,1,0,0,1,0,1,1,1,0,0,1,0,1,1,0,0,0,0,1,0,0,1,0,0,1,0,0,0,0,1,0,1,0,1,1,0,2,0,2,1,0,0,0
713,1,NA,0,0,0,0,1,0,1,0,0,0,1,0,0,0,0,0,0,0,1,0,1,0,0,1,0,0,1,0,0,1,0,0,1,0,0,0,2,2,0,0,1,1,1,0,0,1,1,1,0,1,0,0,2,0,0,2,1,0,0,1,0,0,1,1,0,0,0,0,0,0,0,2,0,0,1,0,1,0,2,2,0,0,0,2,0,2,0,0,0,1,1,0,0,1,0,0,1,NA,0,2,0,0,1,1,0,0,2,0,0,1,1,0,0,1,1,0,1,1,0,1,1,0,1,1,0,1,0,1,0,0,2,0,0,1,0,0,0,1,0,0,1,0,1,1,0,0,1,1,0,0,0,1,1,2,0,1,0,0,0,0,1,0,0,1,1,0,0,0,2,1,0,0,0,1,0,0,1,0,1,1,0,0,1,1,1,0,1,0,0,0,0,1,0,1,0,0,0,1,0,0,0,0,0,0,2,0,1,1,0,2,0,2,1,1,0,0
714,1,NA,0,0,0,0,0,0,1,1,0,0,0,0,0,1,0,0,0,0,0,0,1,0,0,0,0,0,2,0,0,1,0,0,1,0,0,0,2,1,1,0,1,1,1,0,0,1,1,1,0,1,0,0,2,0,0,2,1,0,0,1,0,0,0,1,0,0,0,0,1,0,0,2,0,0,0,1,1,0,2,1,1,0,0,2,0,NA,0,0,0,1,1,0,1,1,0,0,0,0,0,1,1,0,2,0,0,0,1,1,0,0,1,0,0,1,1,0,2,0,0,1,1,0,1,1,1,0,0,0,1,0,2,0,1,1,0,0,0,1,0,0,1,0,1,1,0,0,0,2,0,0,0,1,1,2,0,1,1,0,0,0,0,0,0,1,1,0,0,0,2,1,0,0,0,1,0,1,1,0,1,1,0,0,0,2,0,1,1,0,0,0,0,2,0,1,0,0,0,1,0,0,0,1,0,0,1,0,1,1,1,1,1,1,1,1,0,0
